CODECHEF,CODEFORCES,LEETCODE,CP_SCORE
1793,1512,1151,73
1985,1628,1933,86
1383,1971,1539,86
1010,1652,1224,70
1275,1465,1317,68
1885,1763,1995,89
1567,2019,1562,89
1684,1928,1774,90
1963,1793,1278,84
1302,1899,1557,83
1203,1674,1473,75
1344,2008,1845,89
1759,1280,1617,70
1825,1915,1795,91
1265,1323,1023,61
1021,1790,1518,77
1838,2085,1367,92
1535,1186,1995,69
1705,1914,1998,92
1095,1541,1334,68
1980,1896,1432,88
1444,1638,1002,71
1262,1435,1257,66
1583,1212,1262,63
1754,1817,1120,81
1382,1961,1719,87
1549,1959,1020,82
1916,1916,1904,93
1391,1992,1139,82
1888,1914,1476,88
1600,1420,1791,74
1539,1318,1288,66
1091,1187,1205,57
1565,1161,1042,59
1158,1128,1849,62
1883,1303,1117,67
1227,1916,1004,77
1472,1921,1206,82
1371,2059,1634,89
1375,1150,1838,65
1552,1592,1344,74
1036,1046,1141,52
1636,1939,1371,85
1933,1659,1231,79
1690,1230,1163,64
1843,2001,1546,91
1036,1164,1363,57
1100,1723,1945,80
1542,1819,1983,87
1189,2089,1334,85
1511,1139,1010,58
1657,1399,1407,71
1089,1129,1074,54
1005,1984,1299,80
1904,1765,1946,89
1138,1445,1912,72
1094,1028,1380,54
1630,1798,1709,85
1877,1288,1852,74
1631,1976,1775,91
1385,1099,1846,64
1122,1421,1885,71
1284,1642,1735,77
1365,1693,1633,78
1888,1705,1585,83
1690,1017,1027,56
1489,1470,1462,72
1324,1722,1395,76
1406,2030,1682,89
1995,1418,1977,80
1518,1379,1375,68
1895,1507,1420,76
1823,1113,1363,64
1638,1851,1894,88
1076,1510,1215,66
1233,1850,1830,83
1829,1975,1100,86
1585,1613,1757,80
1483,1468,1092,68
1463,1092,1574,62
1270,1492,1265,68
1820,1762,1205,81
1938,1988,1079,87
1466,1478,1036,67
1468,1876,1010,78
1631,1166,1626,66
1546,1139,1089,59
1718,1093,1743,66
1269,1575,1018,68
1604,2027,1563,90
1964,1605,1373,79
1377,1583,1785,77
1176,1815,1093,75
1273,1592,1031,69
1690,1685,1662,82
1640,1962,1139,84
1636,1986,1569,89
1026,2075,1972,89
1575,1445,1020,67
1059,1236,1148,57
1730,2067,1220,89
1216,1881,1732,83
1680,1765,1753,85
1660,1936,1218,84
1269,1358,1540,67
1115,1645,1974,78
1244,1689,1558,76
1659,1461,1907,77
1603,1100,1057,58
1084,1691,1424,73
1598,1983,1274,85
1906,1768,1139,81
1631,1267,1022,63
1449,1882,1900,87
1851,1407,1377,72
1535,2060,1921,93
1886,1467,1372,74
1088,1258,1062,57
1548,1508,1563,74
1853,1308,1777,74
1894,1624,1341,79
1506,1109,1166,58
1407,1678,1150,74
1270,1741,1522,78
1523,1906,1987,90
1493,1267,1606,67
1606,2055,1583,91
1447,1939,1500,85
1542,1810,1895,86
1948,1103,1998,71
1349,1200,1559,63
1744,1898,1347,85
1851,1742,1271,81
1327,1924,1429,83
1811,1596,1942,83
1285,2058,1606,88
1034,1687,1232,71
1532,1919,1559,86
1622,1787,1207,79
1487,1398,1452,69
1830,1596,1738,81
1859,1116,1500,65
1486,1361,1920,73
1144,1203,1588,62
1523,1443,1860,75
1755,1726,1218,79
1145,1860,1871,83
1750,1867,1080,82
1502,1766,1548,81
1603,1361,1613,71
1827,1394,1702,75
1834,1247,1540,69
1626,1913,1825,89
1526,1760,1764,83
1271,1655,1250,72
1533,1355,1737,71
1629,1240,1605,68
1880,1228,1414,68
1094,1620,1085,68
1446,1930,1621,86
1414,1854,1216,79
1256,1528,1195,68
1842,1266,1994,75
1261,1219,1296,60
1086,1560,1945,75
1904,2043,1043,88
1435,2060,1392,87
1975,1381,1442,74
1829,1038,1089,59
1569,1428,1986,76
1741,2087,1154,89
1107,1790,1977,82
1018,1031,1477,54
1364,1944,1620,85
1652,1530,1058,71
1378,1105,1109,56
1159,1481,1478,69
1099,1205,1617,62
1264,1834,1898,84
1749,1088,1732,66
1749,2034,1774,93
1048,2072,1593,86
1676,1895,1783,89
1798,1142,1048,61
1414,1206,1376,62
1058,1508,1031,64
1182,1004,1485,55
1658,1210,1600,67
1446,1028,1939,63
1897,1187,1991,73
1300,1524,1530,72
1607,1945,1002,82
1554,1156,1377,62
1353,1079,1571,60
1768,1659,1930,84
1212,1625,1241,71
1188,1231,1540,62
1642,1159,1586,65
1346,1343,1581,68
1811,1204,1594,68
1902,1994,1356,90
1800,1837,1684,87
1136,1304,1922,68
1029,1669,1196,70
1145,1399,1857,70
1823,1105,1418,64
1985,1341,1658,75
1467,1985,1272,84
1997,1951,1501,91
1616,1048,1034,56
1502,1205,1624,66
1798,1790,1460,84
1967,1230,1717,72
1190,1882,1669,82
1470,1725,1252,77
1689,1283,1633,70
1344,1275,1511,65
1750,1432,1047,69
1000,1632,1184,68
1109,1215,1490,61
1849,1096,1272,63
1786,1954,1612,90
1882,1364,1526,73
1893,2007,1127,88
1745,1617,1209,76
1063,1396,1623,67
1755,1457,1781,77
1052,1317,1141,60
1261,1381,1172,64
1528,1141,1864,67
1301,1456,1677,71
1967,1500,1446,77
1885,1322,1118,68
1233,1999,1714,87
1072,1267,1010,57
1356,1486,1760,74
1950,1877,1303,86
1602,1678,1759,82
1483,1013,1153,55
1005,2003,1322,80
1709,1704,1536,81
1876,1154,1976,71
1707,1100,1444,63
1981,1571,1341,78
1807,2066,1220,89
1858,1620,1109,76
1996,2014,1409,92
1833,1464,1417,74
1136,1350,1601,66
1778,1233,1504,68
1403,1402,1776,72
1627,1350,1039,65
1554,1027,1508,60
1742,1258,1458,68
1569,1619,1262,75
1205,1875,1669,82
1409,1542,1117,69
1805,1452,1449,74
1605,1696,1767,82
1035,1403,1413,65
1229,2018,1707,87
1226,2089,1825,90
1694,1882,1822,89
1261,1574,1525,73
1130,1422,1460,67
1576,1548,1117,71
1891,1467,1216,73
1447,1110,1716,63
1185,1152,1076,56
1628,1916,1420,85
1185,1761,1891,81
1273,1719,1171,74
1662,1879,1389,84
1351,1681,1025,72
1412,1768,1127,76
1150,1278,1373,62
1383,1362,1653,69
1035,1600,1903,75
1325,1293,1023,60
1464,1870,1469,83
1465,1072,1743,63
1094,1258,1422,61
1133,1355,1176,62
1161,1570,1852,75
1555,1572,1746,78
1299,1816,1830,83
1794,2093,1537,93
1355,1446,1265,68
1239,1782,1972,83
1563,1908,1873,89
1937,1943,1628,91
1792,1895,1569,88
1585,1929,1269,84
1806,1636,1328,78
1749,1925,1454,87
1166,1530,1294,68
1139,1118,1121,55
1138,1065,1158,53
1880,1244,1177,66
1234,1056,1655,59
1002,2067,1327,82
1255,1523,1879,75
1370,1423,1306,67
1277,1394,1910,72
1515,1449,1088,67
1903,1953,1750,92
1781,1762,1037,79
1211,1442,1872,72
1215,1966,1590,84
1269,1891,1856,85
1475,1533,1838,77
1527,1156,1345,62
1927,1088,1251,63
1063,1201,1839,63
1750,1979,1977,94
1459,1461,1148,68
1015,1708,1015,69
1563,1453,1366,71
1018,1379,1834,68
1324,1400,1832,72
1907,1550,1780,81
1092,1935,1117,77
1772,2012,1703,92
1809,1977,1316,88
1016,1660,1287,70
1622,1902,1907,90
1839,1444,1350,73
1871,1051,1296,62
1487,1328,1193,65
1093,1769,2000,81
1009,1497,1391,67
1723,1124,1442,64
1748,1203,1280,65
1765,1767,1900,87
1527,1642,1300,75
1488,2044,1897,92
1143,1589,1425,71
1553,1361,1249,67
1514,1360,1933,73
1918,1054,1742,67
1469,1291,1514,67
1376,2074,1685,90
1667,1841,1751,87
1493,1784,1997,86
1684,1253,1405,67
1483,1491,1615,74
1451,1984,1800,89
1997,1572,1243,77
1535,1858,1799,86
1786,1992,1366,88
1074,1960,1784,85
1039,1224,1119,57
1301,1102,1849,63
1551,1969,1439,86
1061,2071,1770,87
1749,1736,1503,82
1502,1232,1581,66
1998,1227,1432,69
1244,2006,1182,82
1017,1521,1460,68
1651,1012,1758,63
1397,1444,1117,66
1593,1339,1030,64
1188,1597,1976,77
1619,1156,1148,61
1745,1655,1527,80
1779,2002,1272,88
1103,1797,1863,81
1922,1490,1384,76
1645,1834,1879,88
1343,1951,1101,80
1370,1356,1071,63
1032,1716,1704,76
1748,1361,1833,75
1373,1007,1622,59
1847,1471,1804,79
1177,1171,1407,59
1011,1095,1346,55
1862,1673,1851,85
1952,1607,1366,79
1740,1473,1829,78
1820,1613,1788,82
1780,1688,1617,82
1889,1897,1548,89
1455,1109,1290,59
1869,1709,1421,82
1642,1964,1180,84
1248,1870,1654,82
1447,1648,1113,73
1979,1348,1237,71
1569,1462,1937,77
1003,1884,1093,75
1235,1245,1259,61
1172,1797,1106,74
1321,1869,1243,79
1370,2090,1422,88
1547,2073,1334,88
1790,1815,1022,80
1748,1514,1872,79
1786,1225,1270,66
1295,1577,1985,78
1839,1505,1139,73
1399,1154,1465,62
1057,1110,1453,57
1874,1482,1383,75
1529,1807,1593,83
1547,1273,1376,66
1407,1154,1437,61
1640,2042,1855,93
1512,1344,1421,68
1063,1734,1155,72
1573,1568,1334,74
1877,1293,1530,71
1419,1644,1580,77
1842,1337,1959,76
1145,1451,1131,64
1271,1343,1767,69
1016,1716,1720,76
1791,1630,1500,79
1097,1764,1521,77
1451,1084,1139,57
1738,1736,1964,87
1974,1659,1134,78
1897,1226,1766,72
1242,1108,1811,62
1478,1134,1406,61
1200,1937,1769,85
1905,1290,1093,67
1948,1821,1883,90
1472,2052,1240,86
1178,1393,1748,69
1507,1026,1164,56
1452,1012,1324,57
1269,1553,1659,74
1233,1932,1217,80
1623,1444,1939,77
1485,1223,1619,66
1999,1020,1230,61
1577,1466,1581,73
1337,1652,1732,78
1860,1617,1585,81
1948,1779,1178,82
1756,1457,1079,70
1756,1639,1353,78
1979,1662,1670,84
1447,1960,1867,89
1583,1179,1680,66
1356,1537,1825,76
1048,1526,1900,73
1495,1021,1160,56
1345,1576,1426,73
1701,1762,1402,81
1292,1921,1031,78
1688,2044,1120,86
1963,1744,1726,87
1672,1671,1514,80
1149,1636,1384,72
1581,2023,1739,91
1544,1151,1424,63
1795,1012,1475,62
1855,1714,1559,83
1259,1905,1166,79
1321,1248,1388,63
1076,1386,1332,64
1109,1438,1522,67
1816,1299,1749,73
1895,1720,1789,86
1650,1472,1752,76
1546,2006,1470,87
1422,1632,1703,78
1393,1420,1523,70
1234,1955,1052,79
1329,1972,1566,85
1711,1023,1820,65
1324,1537,1020,67
1150,1776,1018,72
1545,1637,1964,82
1635,1539,1855,79
1878,1902,1861,92
1031,1420,1455,65
1271,1483,1321,68
1835,2028,1826,95
1821,1156,1432,66
1635,1051,1993,66
1923,1242,1058,65
1367,1773,1150,76
1491,1419,1770,73
1315,1424,1439,68
1589,1079,1883,66
1587,1694,1057,75
1571,1353,1727,72
1596,1292,1573,69
1367,1716,1657,79
1079,1528,1956,74
1885,1479,1893,80
1171,1476,1750,71
1257,1024,1292,55
1278,1430,1181,65
1503,1316,1880,71
1732,1637,1606,80
1557,1357,1077,65
1490,1689,1960,83
1584,1343,1653,71
1565,1558,1104,71
1838,1711,1260,80
1732,1562,1606,78
1892,1438,1222,72
1336,2044,1989,92
1520,1142,1483,63
1325,1867,1701,84
1171,1352,1128,62
1083,2016,1318,82
1841,1467,1706,77
1840,1876,1508,87
1523,1918,1019,80
1480,2081,1810,92
1543,1840,1751,86
1417,1877,1234,80
1338,1051,1596,59
1800,2011,1605,92
1319,1813,1553,81
1303,1268,1875,68
1271,1095,1349,57
1689,1272,1452,68
1113,1132,1585,59
1406,1927,1983,89
1025,1088,1876,60
1236,1684,1508,76
1309,1823,1626,81
1683,1004,1422,60
1232,1356,1189,63
1548,1203,1943,69
1264,1470,1124,66
1989,1463,1005,72
1012,1496,1457,67
1495,1701,1890,82
1315,1836,1553,81
1617,1062,1569,62
1637,1238,1938,71
1847,1539,1521,78
1383,1197,1088,59
1641,1780,1845,86
1990,1029,1110,60
1315,1665,1550,76
1255,2086,1396,86
1440,2080,1970,94
1114,1599,1678,74
1298,2017,1010,81
1914,1619,1621,82
1123,2069,1496,85
1255,1076,1015,53
1650,1728,1032,76
1717,1813,1744,86
1046,1707,1488,74
1728,1267,1187,65
1830,1764,1735,86
1902,1584,1570,80
1462,1418,1457,70
1349,1869,1050,77
1122,2081,1270,83
1030,1383,1463,64
1983,1802,1042,82
1054,1509,1538,69
1152,1429,1567,68
1455,1577,1120,71
1285,1939,1624,84
1035,2049,1315,82
1817,1588,1114,75
1909,1797,1620,87
1796,1371,1991,77
1922,1927,1453,89
1884,2059,1686,95
1255,2042,1623,87
1177,1139,1611,60
1547,1066,1519,61
1253,2014,1958,90
1507,1260,1984,71
1673,1973,1646,90
1020,1626,1762,74
1805,1578,1336,76
1074,2021,1239,81
1992,1638,1733,84
1718,1409,1385,71
1459,1832,1144,78
1983,1112,1376,65
1177,1622,1003,68
1381,1820,1793,84
1036,1839,1845,81
1970,1188,1327,67
1119,1276,1196,60
1914,1102,1388,65
1629,1106,1639,64
1000,1756,1260,73
1720,1172,1602,67
1935,1998,1836,95
1310,1721,1770,80
1207,1830,1933,84
1153,1224,1093,57
1761,1133,1256,63
1682,2060,1135,87
1314,1092,1524,60
1306,1074,1979,64
1503,1755,1709,82
1618,1182,1497,65
1654,1716,1177,77
1519,1458,1111,68
1605,1626,1263,75
1909,1408,1413,73
1096,1206,1368,59
1489,1672,1935,82
1006,2012,1590,83
1785,1747,1377,82
1011,1272,1767,64
1513,1378,1585,70
1945,1625,1382,80
1348,1663,1672,78
1916,2049,1510,93
1006,1679,1712,75
1499,1543,1880,78
1474,1732,1819,82
1523,1090,1376,60
1851,1475,1544,76
1056,1725,1072,71
1589,1533,1973,79
1585,1697,1503,79
1232,1879,1351,80
1790,1084,1804,67
1029,1591,1709,73
1366,1840,1324,79
1825,1076,1387,63
1606,1329,1827,72
1819,1382,1239,70
1055,1376,1975,70
1009,1340,1073,59
1914,1423,1030,70
1146,1173,1478,60
1363,1405,1013,64
1598,1081,1716,64
1252,1020,1315,55
1698,1690,1067,76
1939,2009,1639,93
1744,1397,1537,73
1252,1329,1919,70
1442,1224,1695,66
1735,1780,1648,85
1339,1893,1290,80
1515,1437,1617,72
1352,1222,1974,68
1623,1508,1023,70
1704,1616,1414,77
1652,2065,1850,94
1322,1958,1961,89
1139,1603,1705,74
1860,2034,1680,94
1950,1151,1035,63
1444,1188,1100,59
1094,1959,1545,82
1552,1675,1888,82
1419,1637,1038,71
1513,1210,1210,62
1789,1338,1741,74
1149,1046,1790,59
1552,1819,1591,83
1350,1974,1749,87
1115,2080,1171,82
1631,2098,1837,95
1236,1836,1441,79
1269,1951,1058,79
1860,1597,1409,78
1290,1169,1533,62
1433,1838,1364,80
1008,2056,1366,82
1750,1795,1343,82
1629,1958,1749,90
1863,1814,1295,83
1826,1341,1340,70
1823,1047,1605,64
1474,1363,1755,71
1521,1724,1522,80
1536,1137,1628,64
1684,1354,1264,68
1736,2093,1523,92
1010,1810,1665,78
1612,1711,1037,75
1776,1058,1130,59
1902,1770,1381,83
1326,1388,1224,65
1929,1845,1142,83
1594,1868,1430,84
1275,1338,1388,65
1369,1756,1053,74
1489,1595,1023,71
1344,1435,1394,68
1772,1376,1632,73
1367,1390,1118,65
1732,1480,1672,76
1310,1820,1982,85
1730,1113,1585,65
1600,1773,1184,78
1484,1171,1947,68
1014,1017,1191,51
1757,1234,1938,72
1687,1722,1731,83
1003,1280,1486,61
1845,1830,1632,87
1375,1417,1720,71
1368,1283,1383,64
1464,1584,1811,78
1532,1621,1345,75
1719,1220,1472,67
1985,1008,1675,65
1136,1831,1779,81
1833,1374,1951,77
1362,1533,1002,67
1974,1701,1049,79
1930,1831,1924,91
1215,1776,1875,82
1367,1939,1503,84
1116,1446,1983,72
1178,1679,1210,72
1245,1343,1972,71
1127,1424,1527,67
1357,1624,1679,77
1077,1305,1282,61
1740,1147,1378,64
1292,1848,1325,79
1773,1731,1297,80
1081,1453,1696,69
1341,1937,1137,80
1337,1032,1124,54
1818,1983,1933,94
1577,1390,1391,69
1095,1356,1401,64
1144,1572,1479,71
1576,1463,1400,72
1520,1929,1569,86
1396,1098,1361,59
1995,1147,1065,63
1356,1569,1427,73
1185,1726,1851,80
1669,2001,1713,91
1542,1302,1520,68
1150,1003,1431,54
1318,1777,1934,83
1753,1106,1104,60
1667,1074,1088,58
1058,2063,1600,86
1009,1638,1855,75
1856,1694,1005,77
1123,1072,1157,53
1355,1551,1378,72
1345,1976,1329,83
1793,1095,1102,60
1236,1883,1222,78
1332,1276,1401,64
1016,1258,1682,63
1423,1045,1544,60
1323,1345,1508,67
1022,1846,1692,80
1930,1894,1183,85
1458,2076,1914,93
1459,1232,1086,61
1520,1050,1580,61
1718,1664,1379,79
1556,1450,1537,72
1420,1350,1412,67
1964,1648,1919,86
1402,1877,1517,83
1330,1582,1767,76
1456,1244,1693,67
1482,1549,1294,72
1497,1727,1259,77
1026,1638,1383,71
1396,1583,1825,77
1952,1225,1303,68
1187,1826,1315,77
1139,1440,1745,70
1520,1411,1793,73
1745,1813,1718,86
1091,1245,1076,57
1076,1582,1679,73
1851,1499,1853,80
1243,1981,1378,83
1844,1549,1460,77
1666,1116,1055,59
1729,1203,1806,70
1958,1350,1080,69
1988,1318,1995,77
1796,1939,1678,90
1661,1488,1175,71
1840,1106,1792,68
1087,1653,1929,77
1617,1171,1382,63
1914,1518,1148,74
1293,1957,1767,87
1094,1812,1280,76
1252,1527,1344,70
1550,1319,1789,71
1398,2060,1790,91
1766,1498,1408,75
1053,1264,1717,64
1927,1907,1973,93
1242,1401,1921,72
1109,1986,1999,88
1765,1601,1029,74
1623,1951,1729,89
1685,1217,1421,66
1700,1329,1981,75
1220,1185,1230,58
1760,1208,1358,66
1563,1287,1161,64
1161,1087,1728,60
1968,2002,1227,89
1034,1135,1844,61
1965,1157,1220,65
1036,1793,1745,79
1845,1919,1072,84
1828,1154,1398,65
1622,1219,1094,62
1369,1321,1939,71
1176,1690,1474,75
1520,1840,1094,79
1274,1511,1905,75
1982,1086,1754,68
1632,1274,1884,72
1104,1140,1804,62
1155,1624,1774,76
1335,1915,1123,79
1025,1352,1799,67
1933,2028,1499,92
1295,1381,1778,70
1536,1474,1943,77
1354,1927,1620,85
1885,1029,1859,67
1068,1921,1963,85
1326,1593,1047,69
1150,1492,1812,72
1856,1494,1094,72
1576,1387,1476,70
1661,1872,1032,80
1319,1834,1117,77
1756,1629,1643,81
1451,1938,1250,82
1569,1029,1302,58
1667,1622,1121,74
1111,1806,1217,75
1634,1341,1052,65
1461,2000,1125,83
1864,1243,1158,66
1963,1220,1670,71
1361,1372,1794,71
1202,1530,1600,72
1486,1214,1175,61
1479,1366,1291,67
1003,1113,1944,61
1128,1024,1158,52
1025,1933,1490,80
1800,1610,1760,82
1976,1857,1356,86
1026,2026,1633,84
1041,1897,1236,77
1964,1772,1427,85
1582,1444,1124,68
1063,1019,1314,53
1024,1805,1278,75
1071,1127,1866,62
1481,1357,1835,72
1872,1880,1603,88
1899,2060,1937,97
1267,1916,1104,78
1825,1509,1041,72
1094,1443,1396,66
1394,1778,1640,81
1868,1251,1459,69
1363,2054,1490,87
1314,1420,1564,69
1116,1060,1167,53
1163,1578,1601,73
1876,1578,1758,81
1789,1639,1173,76
1576,1110,1371,61
1305,1490,1598,72
1771,1033,1880,66
1739,1211,1149,63
1199,1124,1248,57
1984,1893,1626,90
1731,1330,1179,67
1179,1411,1119,63
1357,1933,1027,79
1739,1663,1820,83
1995,2088,1116,91
1251,1602,1702,75
1298,1025,1656,59
1872,1668,1831,85
1429,1583,1261,72
1003,2067,1653,86
1652,1379,1625,72
1677,1368,1895,75
1253,2100,1784,90
1940,1208,1037,64
1664,2036,1196,87
1578,1024,1524,60
1566,1545,1623,76
1095,1274,1436,62
1166,1873,1648,82
1832,1221,1683,70
1330,2060,1638,89
1897,1874,1873,91
1964,1217,1409,69
1887,1110,1332,64
1853,1815,1530,86
1061,1707,1943,79
1173,1146,1464,59
1252,1551,1719,74
1460,1133,1157,59
1623,1463,1159,70
1214,1863,1333,79
1238,1455,1751,71
1414,2084,1375,87
1738,2028,1078,86
1741,2060,1843,95
1744,1459,1868,78
1674,1138,1842,68
1125,1617,1196,69
1940,1679,1119,79
1252,1960,1759,86
1844,1598,1650,81
1949,1595,1225,77
1710,1010,1594,62
1196,1326,1409,64
1633,1378,1537,71
1412,1230,1639,66
1455,1617,1912,80
1775,1764,1734,85
1053,1048,1338,54
1646,1450,1555,73
1338,1490,1595,72
1358,1406,1918,73
1150,2074,1536,86
1099,1174,1219,57
1233,1479,1292,68
1543,1222,1203,62
1061,1268,1879,66
1940,1809,1704,88
1195,1892,1513,81
1541,1900,1201,82
1754,1918,1865,91
1105,1317,1031,59
1294,1384,1088,63
1644,1625,1201,75
1450,2077,1950,93
1533,1642,1689,79
1155,1703,1704,77
1405,1304,1671,68
1895,1841,1292,84
1725,1510,1715,78
1737,1162,1752,68
1796,1737,1114,79
1682,1340,1721,72
1553,1931,1221,83
1571,1529,1908,78
1374,1033,1181,55
1588,1997,1770,91
1454,1322,1468,67
1201,1346,1425,65
1731,1720,1973,86
1451,1244,1551,66
1186,1677,1841,78
1607,1914,1833,89
1853,1722,1059,78
1723,2003,1484,89
1367,1132,1010,56
1339,1909,1631,84
1261,1048,1384,56
1840,2087,1409,92
1923,1212,1041,64
1588,1118,1701,65
1542,1855,1122,80
1550,1760,1700,83
1305,1678,1251,74
1845,1894,1972,92
1725,1279,1603,70
1637,1423,1483,72
1164,1362,1212,63
1757,2020,1829,94
1620,1313,1713,71
1087,1769,1267,74
1199,2086,1666,88
1270,1271,1706,66
1050,2060,1539,85
1488,2039,1705,90
1197,1342,1923,70
1022,1345,1734,66
1664,1232,1618,68
1222,1989,1660,86
1941,1575,1134,76
1220,1415,1497,68
1662,1904,1606,87
1265,1266,1781,67
1072,1996,1934,87
1880,1743,1885,87
1076,1910,1125,77
1543,1442,1358,70
1880,1559,1502,78
1434,1075,1840,63
1936,1246,1982,75
1064,1579,1317,69
1960,1312,1011,67
1356,1575,1476,73
1935,1342,1293,71
1017,1714,1953,79
1675,1983,1439,88
1798,1725,1806,85
1565,1631,1853,81
1574,1398,1515,71
1768,1713,1815,85
1750,1923,1390,86
1435,1291,1315,64
1995,1053,1679,67
1440,1982,1007,81
1008,1476,1507,67
1469,1021,1123,55
1631,2052,1371,89
1347,1694,1313,75
1601,1159,1184,61
1371,1909,1546,84
1969,1529,1584,79
1823,1100,1882,68
1174,1342,1524,65
1514,1578,1038,71
1129,1789,1083,73
1565,1844,1020,79
1292,1124,1252,58
1695,1889,1302,84
1926,1668,1978,87
1352,1502,1257,69
1223,1172,1811,64
1523,1886,1999,89
1953,1119,1541,67
1706,1272,1982,73
1758,1912,1639,89
1508,1875,1822,87
1367,1857,1551,82
1665,1260,1460,67
1589,1277,1608,68
1651,1092,1223,60
1499,1958,1091,82
1089,1822,1279,76
1655,1127,1169,60
1948,1531,1795,81
1071,1772,1733,79
1432,1166,1628,64
1688,1830,1247,82
1347,1235,1360,62
1262,2055,1348,85
1270,1190,1865,65
1508,1656,1434,77
1507,1612,1405,75
1616,1254,1600,68
1419,1972,1077,81
1071,2079,1457,85
1073,1648,1585,74
1654,1105,1391,62
1502,1191,1013,59
1573,2002,1044,83
1145,1174,1037,55
1045,1634,1415,71
1740,1084,1244,61
1104,1947,1061,77
1108,1727,1492,75
1316,2037,1607,87
1120,2060,1322,83
1498,2050,1251,86
1042,1069,1467,56
1939,1153,1060,63
1098,1764,1780,79
1705,1270,1118,65
1310,1540,1086,68
1213,2097,1594,88
1462,1570,1079,70
1740,1148,1227,62
1422,1009,1482,58
1995,1643,1814,85
1388,1061,1622,60
1696,1773,1881,86
1111,1527,1309,68
1910,1444,1582,76
1858,1016,1947,67
1271,1368,1484,67
1824,1683,1839,85
1995,1907,1024,85
1101,1582,1790,74
1209,1254,1201,60
1738,1455,1925,78
1792,1642,1224,77
1021,1560,1778,73
1759,1532,1509,76
1158,1319,1930,69
1890,1219,1794,72
1740,1698,1628,82
1929,1031,1578,65
1342,1714,1558,78
1399,1753,1752,82
1453,2039,1689,90
1698,1408,1519,72
1142,1827,1182,75
1849,1172,1076,63
1869,1935,1425,88
1396,1706,1066,73
1535,1975,1659,88
1140,1782,1493,77
1960,1131,1684,69
1239,1662,1546,75
1291,1358,1076,62
1816,1759,1915,88
1081,1164,1791,62
1559,1716,1696,82
1864,1426,1054,70
1869,1676,1904,86
1170,1487,1605,70
1773,1212,1472,67
1976,1765,1655,87
1579,1156,1246,61
1525,2098,1438,90
1541,1434,1711,73
1109,1841,1747,81
1211,1644,1313,72
1775,1311,1319,68
1437,1126,1219,59
1321,1376,1843,71
1996,1224,1370,69
1899,2040,1215,89
1713,1496,1048,70
1083,1472,1796,71
1955,1474,1462,76
1375,1216,1117,60
1052,1195,1081,55
1866,1200,1262,66
1495,1365,1588,70
1255,1718,1722,79
1585,1399,1495,71
1219,1589,1633,74
1654,1213,1836,70
1099,1340,1601,65
1128,1958,1769,85
1917,1118,1672,68
1218,1835,1175,76
1476,1841,1804,85
1782,1866,1088,82
1457,1944,1638,86
1979,1401,1984,80
1021,1882,1358,78
1689,1565,1285,74
1559,1423,1296,69
1628,1117,1259,61
1328,1367,1850,71
1887,1629,1474,80
1690,1147,1755,67
1479,1149,1622,64
1784,1815,1934,89
1873,1255,1535,70
1338,1081,1561,60
1871,1015,1036,58
1858,1900,1180,85
1178,1192,1764,63
1420,1722,1024,74
1481,2097,1348,88
1048,2084,1636,86
1826,1972,1542,90
1905,1950,1748,92
1766,1535,1226,74
1029,1342,1347,62
1084,1394,1037,61
1788,1942,1382,87
1501,1257,1569,67
1545,1052,1235,58
1328,1650,1180,72
1609,1270,1113,64
1433,1200,1305,62
1587,1395,1131,67
1686,1377,1347,70
1852,1675,1179,78
1248,1534,1414,70
1851,1922,1982,93
1133,1397,1589,67
1689,1866,1731,88
1364,1560,1653,75
1739,1189,1384,65
1574,1204,1511,65
1779,1967,1042,84
1424,1043,1479,59
1414,2003,1117,83
1769,2018,1570,91
1655,1639,1060,74
1511,1993,1552,88
1384,1700,1785,80
1387,1712,1187,75
1814,1636,1452,79
1448,1803,1846,84
1563,1310,1186,65
1302,1877,1937,86
1098,1856,1463,79
1972,1273,1739,73
1305,1530,1163,68
1556,1016,1423,59
1041,1717,1797,77
1990,2053,1101,90
1467,1469,1982,76
1439,1810,1266,79
1326,1554,1635,74
1568,1092,1152,58
1999,1881,1428,88
1032,1577,1690,72
1411,1630,1426,75
1625,1820,1577,84
1811,1583,1610,79
1113,1845,1942,83
1507,1841,1535,83
1055,1327,1332,62
1555,1729,1760,83
1723,1253,1676,70
1351,1570,1895,77
1328,1543,1439,72
1545,1850,1605,84
1269,1119,1970,64
1195,1974,1854,87
1412,1821,1123,77
1636,1513,1301,73
1078,1978,1667,84
1766,1096,1348,62
1656,1870,1248,82
1082,1256,1947,66
1741,1127,1270,62
1136,1056,1428,56
1538,1581,1569,76
1688,1555,1706,78
1718,1723,1712,84
1932,1652,1583,82
1923,2099,1246,92
1305,1157,1480,61
1310,1084,1097,55
1387,1321,1328,65
1724,1308,1592,71
1865,1283,1424,70
1914,2065,1576,94
1548,2002,1423,87
1505,1133,1004,57
1387,1613,1989,80
1292,1648,1458,75
1178,1228,1795,65
1671,1997,1805,92
1428,1118,1592,62
1879,1937,1497,89
1523,1323,1086,64
1680,1920,1401,86
1311,1158,1292,59
1079,1238,1922,65
1013,1395,1280,63
1053,1319,1196,60
1446,1308,1763,69
1765,1248,1082,64
1064,1537,1026,65
1371,1700,1844,81
1502,1393,1693,72
1569,1651,1134,74
1095,2017,1089,79
1532,1405,1205,68
1259,1999,1026,80
1584,1020,1377,59
1247,1154,1570,61
1126,1866,1583,80
1498,1558,1414,74
1045,1193,1226,57
1981,1398,1602,76
1267,1279,1067,60
1639,1979,1361,87
1541,2033,1259,86
1093,1471,1657,70
1735,1151,1062,61
1315,1801,1854,83
1611,1552,1991,80
1070,1729,1971,80
1592,1512,1691,76
1448,2012,1979,92
1909,1170,1622,69
1366,1849,1702,84
1811,1793,1940,89
1619,1124,1907,67
1613,1174,1391,64
1409,1503,1245,69
1090,1710,1277,73
1508,1105,1346,60
1876,1527,1936,82
1527,1037,1371,59
1109,1394,1808,69
1774,1920,1848,91
1671,1476,1122,70
1764,1721,1056,77
1088,1314,1159,60
1606,1364,1126,66
1271,1180,1736,64
1246,1733,1606,78
1360,1875,1310,80
1377,1993,1517,86
1205,1660,1934,79
1344,1243,1264,62
1829,1312,1745,73
1797,1075,1287,62
1759,1261,1419,68
1454,1230,1895,69
1907,1702,1527,83
1066,1645,1139,69
1986,1756,1808,88
1557,1841,1706,85
1978,1878,1697,90
1042,1515,1986,74
1228,1441,1474,68
1950,1582,1904,84
1812,1261,1636,71
1443,1748,1528,80
1233,1818,1877,83
1198,2001,1388,83
1496,1866,1510,83
1847,1607,1537,80
1031,1909,1212,77
1263,1522,1896,75
1112,2036,1512,84
1972,1161,1802,71
1829,1004,1264,60
1458,1201,1342,62
1275,1415,1037,64
1145,2035,1232,82
1356,1947,1259,82
1005,1751,1307,73
1339,1949,1402,83
1991,1372,1996,79
1493,1430,1260,68
1107,1689,1475,74
1924,1117,1749,69
1771,1587,1105,74
1070,2069,1246,82
1938,1226,1303,67
1339,1347,1342,65
1673,1140,1446,64
1099,1203,1037,56
1326,2003,1819,89
1032,1860,1854,82
1142,1844,1045,75
1243,1994,1721,87
1735,1312,1604,71
1725,1136,1219,62
1631,1350,1255,67
1679,1172,1136,62
1860,1078,1230,62
1216,1978,1817,87
1900,1568,1713,81
1973,1862,1577,89
1433,1056,1972,64
1866,1362,1037,68
1833,1133,1154,62
1728,1013,1502,61
1053,1282,1104,58
1719,1805,1254,81
1941,1126,1403,66
1591,1217,1487,66
1906,1744,1957,88
1891,1679,1457,81
1944,1996,1527,92
1994,1259,1590,72
1150,1098,1524,58
1054,1181,1369,58
1516,1168,1101,60
1447,1232,1915,69
1034,1955,1663,83
1860,1471,2000,81
1118,1678,1689,76
1196,1380,1902,70
1565,1250,1598,67
1770,1318,1599,71
1773,1192,1540,67
1854,1936,1511,89
1877,1600,1388,78
1823,1606,1362,78
1513,1764,1930,85
1593,1884,1832,88
1861,1990,1611,92
1421,1505,1114,68
1951,1064,1721,67
1516,1221,1965,70
1685,1465,1342,72
1138,1071,1073,53
1704,1887,1134,82
1649,1473,1939,78
1808,1654,1967,85
1627,1018,1780,63
1043,1521,1861,72
1857,1783,1977,89
1800,1414,1589,74
1218,1363,1970,71
1567,1527,1379,73
1753,1795,1489,84
1907,1442,1124,72
1257,1264,1037,59
1512,1649,1780,80
1960,1508,1309,76
1376,1465,1105,67
1892,1364,1555,73
1288,1492,1224,68
1469,1541,1241,71
1971,1722,1396,83
1102,1841,1152,75
1803,1299,1535,70
1148,1173,1635,61
1083,1645,1796,76
1931,1023,1995,68
1025,1730,1965,79
1174,1006,1401,54
1734,2029,1859,94
1640,1877,1772,88
1421,1165,1145,59
1653,1427,1190,69
1345,1144,1892,65
1301,1932,1676,85
1297,1508,1582,72
1134,1906,1950,85
1054,1644,1200,70
1055,1075,1866,60
1373,1823,1011,76
1587,2061,1051,85
1830,1565,1952,83
1919,1616,1767,83
1338,1380,1301,66
1456,1847,1871,86
1354,1302,1299,64
1131,1755,1998,81
1492,1163,1919,67
1553,1100,1520,62
1863,1897,1139,84
1109,1782,1099,73
1581,1367,1484,70
1795,1726,1136,79
1125,1371,1870,69
1859,1861,1365,85
1295,1279,1883,68
1178,1315,1533,65
1924,2100,1506,94
1809,1815,1656,87
1885,1150,1160,63
1196,2008,1760,87
1772,1668,1174,77
1100,1406,1087,62
1936,1286,1398,70
1572,1916,1988,90
1182,1491,1479,69
1923,2032,1544,93
1808,2100,1476,93
1878,1737,1782,86
1008,1130,1282,55
1412,1996,1737,89
1717,1497,1956,80
1933,1621,1451,80
1829,1888,1623,88
1565,1353,1081,65
1691,1270,1212,65
1103,1431,1815,70
1125,1738,1519,76
1545,1471,1133,69
1676,1507,1446,74
1944,1054,1117,61
1809,1036,1595,64
1269,1899,1769,85
1465,1054,1242,57
1800,1523,1748,79
1117,1914,1149,77
1865,1462,1885,79
1091,1696,1532,75
1611,1715,1645,82
1484,2030,1378,87
1086,1731,1607,76
1233,1988,1965,89
1912,1211,1524,69
1123,2098,1512,86
1202,1753,1661,79
1031,1435,1116,62
1356,1083,1663,61
1462,1778,1575,81
1963,1833,1936,91
1550,1460,1989,77
1093,1176,1661,61
1521,1311,1316,66
1726,1185,1875,70
1407,1245,1011,60
1099,2016,1089,79
1243,1383,1387,66
1057,2065,1082,80
1964,1284,1975,76
1356,1979,1761,88
1490,1987,1895,91
1319,1299,1395,64
1018,1900,1544,80
1356,1873,1660,84
1116,1485,1639,70
1135,1435,1099,63
1838,1805,1456,85
1295,1180,1998,67
1524,1882,1873,88
1100,1876,1327,78
1379,1693,1723,79
1154,1339,1073,61
1593,1490,1095,69
1599,1494,1091,70
1104,1729,1329,74
1641,1455,1839,76
1783,1104,1947,69
1525,1718,1174,76
1127,1438,1736,70
1400,1650,1314,74
1571,1508,1686,76
1965,1250,1567,71
1738,1964,1496,88
1528,1046,1268,58
1556,1878,1427,83
1549,2017,1034,83
1123,1774,1118,73
1359,1884,1370,81
1063,1063,1924,60
1888,1319,1567,72
1764,1859,1900,90
1773,1779,1450,83
1955,1028,1308,62
1623,1436,1356,71
1101,1762,1375,75
1560,1735,1827,83
1276,2070,1104,83
1226,1450,1389,68
1022,1632,1175,69
1843,2097,1105,89
1696,2076,1591,92
1063,1232,1162,57
1156,1199,1913,65
1794,1673,1266,78
1389,1548,1562,74
1148,1936,1888,86
1838,1096,1278,62
1362,1048,1302,57
1680,1895,1586,87
1463,1521,1954,78
1644,1039,1952,66
1398,1913,1860,87
1404,1552,1126,70
1825,1675,1245,79
1131,1769,1823,80
1196,1210,1233,59
1646,1432,1666,74
1034,1706,1584,75
1419,1564,1930,78
1376,1146,1438,61
1398,1281,1136,62
1219,1754,1785,80
1897,2074,1555,94
1887,1494,1758,79
1696,1408,1148,69
1516,1272,1055,62
1582,1457,1687,74
1341,1045,1355,57
1752,1310,1256,68
1862,1561,1922,82
1415,1330,1812,70
1455,1010,1062,54
1296,1907,1825,86
1937,2071,1935,98
1330,1007,1062,53
1704,1983,1805,92
1679,1565,1028,72
1338,1272,1551,65
1747,1940,1658,89
1805,1900,1599,88
1297,1130,1567,61
1759,1723,1299,80
1676,1633,1704,80
1311,1113,1611,61
1582,1531,1214,72
1742,2044,1140,87
1054,1032,1925,59
1984,1132,1506,67
1693,1919,1560,87
1533,1974,1498,87
1794,1025,1626,63
1104,1600,1501,72
1174,1544,1740,73
1293,1017,1763,60
1879,1933,1586,90
1550,1288,1190,64
1910,2050,1710,95
1374,1816,1674,82
1449,1107,1650,63
1444,1972,1048,81
1059,1947,1362,80
1391,1737,1878,82
1811,1323,1626,72
1810,1866,1679,88
1389,1734,1495,78
1211,1792,1276,76
1666,1288,1046,64
1684,2060,1770,93
1534,1891,1925,89
1239,1042,1215,54
1487,1008,1229,56
1720,1183,1638,67
1121,1894,1322,79
1252,2076,1829,90
1140,1869,1420,79
1451,1532,1224,71
1851,1999,1661,92
1873,1662,1286,79
1831,1953,1045,85
1152,1068,1971,62
1892,1300,1812,74
1725,1026,1013,57
1307,1929,1632,85
1559,1653,1907,82
1316,1552,1374,71
1528,1105,1702,64
1295,1585,1986,78
1842,1571,1332,77
1344,1809,1855,84
1580,1633,1165,74
1596,2034,1506,89
1281,1930,1116,79
1207,1658,1942,79
1951,1885,1635,90
1551,1320,1565,69
1980,1459,1438,76
1095,1578,1303,69
1451,1876,1456,83
1997,1753,1967,90
1761,1159,1868,69
1372,1463,1270,68
1647,1997,1710,91
1072,1240,1215,58
1812,1935,1112,85
1784,1963,1015,84
1680,1958,1215,85
1332,1864,1426,81
1392,1649,1134,72
1709,1326,1042,65
1858,1864,1763,89
1105,1528,1283,68
1100,1878,1833,83
1358,1333,1097,63
1746,2026,1059,86
1791,2074,1229,89
1328,1881,1895,86
1888,1349,1642,74
1617,1173,1384,64
1394,1115,1158,57
1034,1360,1823,67
1156,1075,1470,57
1903,1755,1595,85
1272,1071,1207,55
1966,1451,1173,73
1395,1910,1799,87
1751,1366,1080,67
1206,1825,1017,74
1756,1669,1707,82
1604,2047,1290,87
1620,1109,1359,61
1305,1051,1867,62
1625,1466,1278,71
1535,1817,1974,87
1804,1786,1396,83
1461,1555,1973,79
1251,1928,1765,85
1266,1258,1141,60
1866,1064,1676,66
1208,1162,1516,60
1954,1038,1250,62
1566,1664,1661,80
1538,1319,1539,68
1834,1359,1236,70
1502,1268,1131,63
1955,1323,1305,70
1513,1325,1357,67
1579,1256,1284,65
1913,1199,1292,66
1147,1609,1162,69
1980,1904,1915,93
1830,1163,1418,66
1973,1614,1738,83
1839,1105,1467,65
1641,1698,1641,81
1985,1363,1883,78
1082,2044,1569,85
1041,1659,1506,73
1155,1698,1657,77
1668,1746,1477,81
1452,1960,1361,84
1618,1929,1311,84
1283,1208,1633,64
1187,2089,1703,89
1616,1490,1244,71
1623,1702,1476,80
1473,1501,1614,74
1506,1665,1890,82
1132,1220,1435,61
1270,1434,1249,66
1621,1279,1021,63
1072,1523,1476,69
1927,1666,1571,83
1435,2046,1749,90
1857,1731,1905,87
1292,1347,1851,70
1654,1764,1510,82
1936,1933,1895,94
1771,1182,1335,65
1756,1507,1645,77
1436,1197,1848,67
1995,1380,1773,77
1851,1824,1341,84
1666,2029,1337,88
1660,1191,1479,65
1059,1524,1923,73
1597,2059,1041,85
1703,2093,1073,88
1326,1288,1808,68
1942,1104,1830,69
1181,1312,1021,60
1798,2078,1219,90
1784,1306,1078,66
1766,1820,1234,82
1433,1035,1156,55
1518,1886,1326,82
1637,2048,1113,86
1082,2060,1801,88
1027,2042,1607,85
1265,1034,1641,59
1282,1466,1921,74
1396,1896,1620,84
1961,1198,1586,70
1981,1767,1984,90
1762,1240,1274,66
1979,1293,1380,71
1699,1921,1019,82
1382,1467,1672,72
1810,1366,1208,69
1580,2044,1883,93
1318,1315,1605,67
1837,1757,1593,84
1610,1450,1863,76
1192,1777,1615,79
1226,1907,1748,84
1450,1445,1771,73
1181,1956,1159,79
1931,1079,1914,69
1326,2040,1898,91
1604,1137,1997,68
1654,1651,1859,82
1202,1850,1572,81
1401,1551,1037,69
1643,1073,1117,58
1471,2097,1389,89
1778,1049,1823,66
1645,2033,1679,91
1889,1387,1376,72
1178,1384,1848,70
1697,1298,1873,73
1955,1338,1375,72
1017,1473,1580,68
1462,1615,1594,77
1834,1961,1746,92
1912,1791,1041,81
1608,1012,1610,61
1545,1448,1469,72
1925,1173,1983,73
1402,1594,1457,74
1392,1931,1129,80
1935,1268,1027,66
1299,1617,1744,77
1350,1772,1740,82
1186,1864,1628,81
1346,1525,1912,76
1622,1887,1325,83
1408,1671,1508,77
1758,1177,1618,67
1070,1258,1890,66
1820,1259,1324,67
1943,1642,1806,84
1326,1080,1902,63
1211,2082,1159,83
1308,2097,1515,88
1107,1128,1660,60
1176,1411,1745,70
1426,1314,1253,64
1739,1454,1927,78
1530,1614,1247,74
1833,1898,1849,91
1417,1902,1352,82
1247,2032,1397,84
1208,1231,1581,63
1215,1610,1202,70
1712,1729,1301,80
1437,1964,1147,82
1768,1881,1220,84
1617,1317,1697,71
1987,1521,1866,82
1310,1715,1847,81
1782,2079,1559,93
1382,2072,1262,86
1980,2039,1295,91
1270,2096,1314,86
1120,1883,1291,78
1406,1201,1683,65
1244,1092,1875,62
1065,2056,1030,80
1941,1418,1681,77
1227,1550,1043,67
1881,1625,1938,85
1136,1844,1554,80
1193,1881,1942,85
1705,1719,1133,77
1657,1943,1348,86
1656,1393,1218,69
1488,1808,1449,81
1583,1871,1503,84
1353,1866,1085,78
1929,1570,1250,77
1964,1633,1264,79
1703,1631,1522,79
1555,1808,1079,78
1156,1321,1620,66
1957,1573,1460,79
1475,2063,1629,90
1015,2063,1251,82
1077,1869,1017,74
1051,1745,1255,73
1513,2038,1244,86
1503,1936,1152,82
1743,1958,1608,89
1060,1047,1499,56
1131,1188,1457,60
1381,1303,1697,68
1563,1368,1541,70
1808,1459,1114,71
1691,1246,1752,70
1542,1263,1768,69
1409,1529,1446,72
1154,1749,1352,75
1632,1406,1624,73
1050,1452,1846,70
1993,1813,1540,87
1094,1577,1321,69
1687,1964,1458,88
1522,1146,1948,67
1903,1405,1225,71
1523,1182,1755,67
1354,1235,1360,62
1044,1637,1530,73
1801,1957,1833,92
1204,1178,1111,57
1730,1431,1211,70
1839,1524,1232,74
1430,1742,1947,84
1255,1322,1158,62
1247,1398,1571,68
1532,1336,1884,72
1040,1118,1323,56
1458,1412,1092,66
1789,1579,1247,75
1276,1304,1669,67
1923,1195,1140,65
1194,1332,1910,69
1070,2043,1403,83
1269,1622,1929,78
1334,1657,1731,78
1584,1703,1403,79
1307,1882,1817,85
1426,1523,1600,74
1198,1216,1666,63
1075,1989,1413,82
1786,1374,1439,72
1794,1035,1232,60
1657,1775,1979,87
1524,1027,1192,57
1874,1085,1098,61
1640,1187,1950,70
1229,1304,1112,61
1084,1765,1618,77
1161,1079,1535,58
1396,1185,1280,61
1876,2028,1999,97
1370,1557,1948,78
2000,1508,1715,80
1562,1970,1522,87
1214,2025,1349,83
1000,1216,1315,58
1982,1256,1716,73
1376,1323,1942,71
1411,1196,1920,67
1634,1503,1499,74
1799,1693,1536,82
1199,1958,1912,87
1182,1017,1651,57
1409,1106,1634,62
1397,1124,1435,60
1215,1482,1522,70
1751,2027,1777,93
1348,1626,1592,76
1579,1350,1443,69
1830,1350,1821,75
1593,1648,1620,79
1653,1900,1207,83
1922,1227,1830,73
1040,1015,1755,57
1750,1424,1275,71
1002,1463,1496,67
1093,1723,1772,78
1058,1793,1296,75
1739,1176,1373,65
1406,1542,1574,74
1017,1508,1183,65
1493,1563,1031,70
1750,1232,1282,66
1871,2061,1835,96
1507,1490,1872,76
1585,2016,1431,88
1887,1443,1518,75
1331,1019,1685,59
1168,1110,1461,58
1775,1486,1870,79
1671,1088,1983,68
1848,1433,1367,73
1680,1071,1657,64
1940,1821,1251,84
1205,1815,1165,76
1868,1403,1614,75
1520,1250,1999,71
1504,1868,1704,85
1345,1867,1528,82
1303,1895,1601,83
1114,1255,1370,61
1663,1872,1597,86
1086,1491,1102,64
1094,1335,1593,65
1742,1632,1125,75
1427,1361,1037,64
1697,2053,1347,89
1449,1918,1212,81
1625,1893,1318,84
1785,1636,1997,85
1975,1746,1736,87
1540,1682,1733,81
1714,2002,1425,89
1001,2006,1246,80
1077,1692,1647,76
1323,1214,1285,61
1742,1117,1230,62
1097,1226,1319,59
1628,1890,1511,85
1109,1443,1520,68
1678,1548,1224,73
1456,1828,1505,82
1487,1011,1824,62
1808,1488,1106,72
1966,1578,1698,82
1370,1741,1732,81
1336,1167,1606,63
1889,1960,1706,92
1598,1199,1753,68
1970,1863,1741,90
1021,1753,1330,74
1721,2036,1004,85
1304,1773,1862,82
1923,1096,1467,65
1271,1070,1515,58
1489,1992,1775,90
1835,1356,1937,76
1445,1811,1764,84
1931,1543,1162,75
1277,1253,1652,65
1650,1987,1900,92
1852,1003,1807,65
1376,1144,1530,62
1231,1164,1081,56
1744,1343,1480,71
1591,1519,1892,78
1425,1925,1515,84
1054,1608,1639,73
1968,1511,1186,75
1802,1408,1145,70
1440,1435,1151,67
1033,1541,1362,68
1328,1612,1092,70
1844,1899,1030,83
1453,2086,1825,92
1387,2055,1539,88
1763,1562,1648,79
1429,1574,1940,79
1475,2021,1601,89
1124,1342,1048,60
1522,1612,1878,80
1481,1128,1257,60
1316,2042,1517,87
1121,1356,1540,65
1546,1958,1409,85
1580,1080,1155,58
1312,1665,1774,78
1486,1780,1545,81
1650,1790,1439,82
1011,1491,1236,65
1124,1224,1649,63
1810,1986,1367,89
1658,1418,2000,77
1076,1779,1999,82
1579,1136,1056,59
1717,1225,1174,64
1235,1322,1213,62
1570,1811,1026,78
1769,1444,1806,77
1253,1006,1917,60
1903,1127,1118,62
1405,1266,1146,62
1242,1684,1867,79
1460,1927,1264,82
1276,1213,1402,61
1468,1246,1257,63
1219,1420,1859,71
1224,2064,1188,83
1924,1716,1826,87
1100,1142,1742,61
1853,1140,1981,71
1633,1564,1498,76
1729,1106,1709,66
1506,1032,1238,57
1586,1118,1326,61
1330,1228,1069,59
1236,1687,1928,80
1993,1829,1763,90
1338,2010,1973,91
1751,1849,1704,87
1505,1732,1024,75
1164,1844,1581,80
1845,1271,1155,66
1668,1634,1657,80
1722,2031,1830,94
1932,1402,1218,72
1788,1927,1560,89
1727,1626,1378,78
1217,1616,1891,77
1744,1980,1193,86
1375,1536,1039,68
1011,2076,1596,85
1431,1246,1342,63
1082,1336,1502,64
1430,1032,1449,58
1624,1798,1335,81
1477,1547,1003,69
1782,1890,1801,90
1706,1728,1758,84
1368,1043,1516,59
1652,1303,1496,69
1954,1268,1225,68
1968,1682,1149,79
1635,1399,1237,69
1140,1602,1659,74
1719,1921,1102,83
1626,1970,1174,84
1717,1430,1460,73
1455,1420,1747,73
1501,1130,1033,58
1402,1577,1683,76
1952,1539,1517,79
1287,1124,1439,59
1354,1933,1284,82
1342,1591,1224,71
1148,1643,1564,74
1209,1327,1256,63
1111,1811,1058,73
1653,1045,1943,66
1975,1083,1245,63
1535,1793,1518,82
1048,1351,1213,61
1799,2036,1927,95
1330,1636,1589,76
1364,1233,1700,66
1010,2074,1952,89
1187,1780,1818,81
1508,1680,1215,75
1579,1932,1402,85
1444,1860,1282,80
1089,1147,1830,62
1621,1299,1955,73
1900,1548,1572,79
1675,1977,1572,89
1992,1382,1214,72
1447,1799,1381,80
1717,1533,1044,71
1031,1569,1916,74
1326,1930,1171,80
1073,1236,1220,58
1250,1965,1384,82
1449,1700,1094,74
1905,1753,1858,88
1354,1574,1043,69
1532,1956,1227,83
1295,2016,1573,86
1297,1770,1316,77
1327,1222,1730,65
1301,1556,1334,71
1511,1910,1600,86
1337,1272,1623,66
1584,1429,1718,74
1373,1522,1999,77
1552,1959,1466,86
1093,1909,1878,84
1131,1450,1817,71
1610,2011,1714,91
1909,1041,1296,62
1909,1093,1544,66
1052,1485,1488,68
1495,1516,1214,70
1228,1716,1523,77
1639,1498,1001,69
1211,1370,1874,70
1796,1980,1660,91
1790,1698,1653,83
1503,1484,1801,75
1494,1664,1206,75
1852,1627,1340,78
1670,1731,1703,83
1863,1191,1406,67
1232,1835,1852,83
1070,2070,1305,83
1716,1126,1506,64
1188,1726,1909,80
1662,2030,1468,89
1007,1695,1763,76
1331,1563,1715,75
1611,1365,1873,74
1015,2069,1557,85
1665,1392,1885,75
1668,1953,1494,87
1092,1022,1260,53
1261,1444,1577,70
1548,1776,1661,83
1160,1707,1581,76
1350,1432,1363,68
1173,1472,1513,69
1316,1047,1540,58
1936,1262,1767,73
1017,2054,1572,85
1485,1357,1611,70
1366,1567,1895,77
1350,1479,1454,70
1527,1866,1143,80
1871,2028,1191,89
1434,1707,1864,82
1932,1425,1352,74
1269,2050,1781,89
1870,1126,1298,64
1067,1134,1459,58
1029,1330,1426,63
1315,1391,1837,71
1820,1007,1822,65
1736,1612,1715,81
1163,1597,1756,75
1925,1385,1030,69
1319,1471,1331,69
1013,1178,1969,63
1278,1449,1935,74
1431,1814,1410,80
1667,1357,1051,66
1633,1375,1383,69
1262,1701,1242,74
1681,1837,1774,87
1521,1537,1685,76
1963,1781,1611,87
1171,1081,1416,57
1357,1184,1474,62
1012,1287,1391,61
1724,2085,1388,91
1672,1882,1572,86
1231,1506,1967,75
1475,1029,1871,63
1470,1935,1699,87
1159,1030,1468,56
1638,1085,1407,61
1559,1027,1518,60
1260,1121,1188,57
1572,1572,1594,77
1633,1402,1350,70
1601,1682,1931,83
1358,1271,1282,63
1254,1836,1635,81
1601,1112,1156,59
1514,1018,1598,60
1279,1604,1147,70
1116,1464,1069,64
1609,1690,1971,84
1161,2010,1369,83
1851,2013,1587,92
1886,1162,1625,68
1989,1698,1514,84
1297,1294,1233,62
1915,1578,1678,81
1296,2096,1610,89
1593,1700,1635,81
1357,1301,1466,65
1659,1123,1556,64
1517,1668,1893,82
1377,1194,1835,66
1696,1841,1286,82
1425,1350,1617,69
1763,1488,1293,73
1536,1199,1480,64
1552,1883,1133,81
1168,1507,1007,65
1514,1897,1027,80
1363,1445,1782,73
1682,1079,1734,65
1429,1744,1519,79
1568,1697,1309,77
1082,1930,1645,82
1329,1653,1540,76
1690,1901,1626,87
1132,1271,1493,63
1597,1123,1033,58
1456,1685,1006,73
1352,1651,1039,71
1782,1296,1329,68
1343,1786,1908,84
1093,2099,1061,82
1381,1620,1085,71
1867,1972,1724,92
1761,1880,1115,82
1294,1350,1576,67
1197,1254,1296,61
1078,1678,1378,73
1677,1028,1681,63
1550,1466,1627,74
1819,2058,1321,90
1213,1748,1627,78
1642,1601,1732,79
1668,1739,1394,80
1988,1930,1356,89
1893,2091,1561,94
1158,1130,1838,62
1833,1110,1418,64
1738,1523,1477,76
1556,1686,1335,77
1200,1830,1590,80
1021,1665,1999,78
1338,2066,1019,83
1241,1874,1411,80
1740,1284,1890,73
1905,1822,1548,87
1237,1563,1258,70
1148,1018,1604,57
1784,1546,1698,79
1578,1047,1356,59
1006,1218,1200,57
1232,1765,1410,77
1868,1030,1287,61
1803,1258,1047,64
1767,1307,1764,73
1578,2094,1557,91
1761,1306,1369,69
1076,1567,1230,68
1488,1020,1094,55
1925,2029,1302,90
1086,1230,1217,58
1763,1081,1551,64
1966,1957,1386,89
1221,1216,1714,64
1412,1334,1627,69
1583,1558,1924,80
1201,1863,1090,76
1928,1873,1057,83
1570,1752,1433,80
1275,1593,1521,73
1220,1703,1767,79
1156,1924,1828,85
1180,1552,1760,74
1724,1782,1482,83
1128,1086,1366,56
1242,1512,1888,74
1929,1983,1828,94
1171,2008,1406,83
1502,1586,1517,76
1479,1497,1330,71
1876,1906,1699,90
1269,1955,1234,81
1420,1742,1882,83
1162,1448,1410,67
1954,1587,1182,77
1023,1259,1286,59
1496,1462,1122,68
1192,1093,1157,55
1877,2020,1322,90
1389,1354,1012,63
1496,1468,1826,75
1963,1094,1565,67
1805,1867,1871,90
1128,1090,1788,60
1552,2067,1554,90
1542,1954,1778,89
1035,1383,1620,66
1456,1022,1834,62
1360,1022,1677,60
1764,1310,1862,74
1949,1574,1919,84
1876,1102,1617,66
1214,1499,1562,71
1286,1827,1203,77
1767,1188,1956,71
1924,1459,1301,74
1368,1188,1042,58
1468,1350,1794,71
1898,1580,1596,80
1185,1113,1728,61
1473,1103,1669,63
1060,1619,1861,75
1261,2044,1505,86
1787,1386,1638,74
1110,1943,1190,79
1828,1854,1777,89
1941,1482,1898,81
1140,1472,1972,73
1744,1858,1059,81
1534,1941,1794,89
1078,1392,1465,65
1493,1515,1378,72
1030,1345,1428,63
1515,1540,1061,70
1508,1046,1919,64
1970,2100,1301,93
1629,1342,1637,71
1065,1542,1973,74
1509,1818,1998,87
1911,2059,1171,90
1370,1756,1504,79
1286,1350,1062,62
1175,1187,1771,63
1122,1333,1015,59
1230,1482,1690,72
1554,1666,1841,82
1003,1295,1879,66
1701,1044,1100,58
1815,1494,1986,81
1411,1174,1175,59
1249,2003,1192,82
1655,1055,1964,66
1486,1340,1972,73
1344,1213,1812,66
1893,1757,1898,88
1332,1549,1272,70
1452,1496,1466,72
1157,1172,1932,64
1576,1104,1772,65
1836,1478,1174,72
1269,1433,1233,66
1586,1641,1811,81
1417,1692,1215,75
1439,1990,1490,86
1028,1921,1416,79
1977,1193,1758,71
1334,1842,1532,81
1237,1800,1450,78
1152,1058,1835,60
1605,1477,1754,76
1748,1532,1799,79
1833,1591,1279,77
1114,1838,1243,76
1807,1548,1674,79
1730,2037,1145,87
1757,1220,1066,63
1398,1875,1102,79
1031,1677,1309,71
1531,1661,1921,82
1052,1683,1955,78
1717,1335,1636,72
1730,1224,1116,63
1194,1870,1471,80
1304,1034,1762,60
1706,1187,1320,64
1972,1642,1434,81
1344,1962,1369,83
1081,1967,1737,84
1000,1493,1699,70
1166,1310,1186,61
1316,1520,1587,72
1182,1368,1784,69
1964,1745,1468,84
1897,1030,1660,65
1861,1997,1706,93
1272,1496,1875,74
1668,1963,1795,91
1372,1297,1472,65
1361,1576,1555,74
1899,1053,1453,64
1200,1228,1445,62
1191,1778,1681,80
1340,1984,1093,81
1298,1372,1735,70
1505,1468,1789,75
1587,1419,1037,67
1139,1531,1781,73
1305,1987,1481,85
1195,1561,1746,74
1060,1089,1110,53
1987,1368,1889,78
1968,2097,1409,94
1359,1014,1167,54
1306,1343,1565,67
1479,2059,1396,88
1332,1916,1126,79
1865,1204,1989,73
1082,1775,1786,79
1333,2080,1041,83
1516,1685,1040,74
1730,1717,1561,82
1923,1224,1486,69
1765,1063,1898,67
1473,1947,1670,87
1393,1960,1843,88
1599,1319,1398,68
1720,1356,1181,68
1691,1092,1180,60
1719,1694,1940,85
1784,1433,1677,76
1576,1840,1743,86
1379,2023,1717,89
1020,1897,1866,83
1949,1883,1463,88
1878,1777,1049,80
1176,1491,1407,68
1362,2083,1400,87
1021,1812,1145,73
1836,1391,1297,71
1959,1020,1144,60
1547,1512,1015,69
1249,1907,1084,78
1660,1714,1215,78
1951,1943,1481,90
1072,1349,1051,60
1090,1545,1547,71
1175,1598,1106,68
1125,1031,1218,53
1203,1258,1934,67
1913,1475,1336,75
1245,1824,1920,84
1610,1971,1370,86
1270,1919,1997,87
1043,1032,1809,58
1733,1898,1253,84
1940,1387,1404,73
1608,1797,1579,83
1547,1455,1984,77
1167,1223,1698,64
1434,1216,1635,65
1029,1155,1029,54
1793,1788,1184,81
1596,1035,1288,58
1356,1635,1358,74
1490,1008,1473,58
1632,2063,1984,95
1798,1178,1564,67
1247,1958,1399,82
1695,1500,1688,77
1252,1372,1983,72
1956,2091,1132,91
1784,1969,1501,89
1720,1514,1502,75
1865,1363,1873,76
1381,1776,1998,85
1535,1773,1076,77
1633,1328,1349,68
1736,1793,1059,79
1899,1961,1454,90
1904,1369,1878,77
1897,1596,1464,79
1418,1570,1310,72
1122,2061,1090,81
1293,1376,1930,72
1684,1099,1964,68
1142,1815,1297,76
1937,1117,1324,65
1898,1420,1279,72
1510,1540,1710,76
1926,1929,1966,94
1947,1698,1117,79
1680,1112,1694,66
1056,1372,1909,69
1041,1298,1566,63
1820,2042,1270,89
1630,1775,1516,82
1120,1670,1100,70
1823,1010,1387,61
1762,1007,1285,59
1342,1460,1979,75
1331,1254,1052,60
1455,1585,1729,77
1436,1361,1840,72
1340,2002,1797,89
1340,1787,1239,77
1415,1208,1213,61
1848,1266,1615,71
1181,1655,1360,73
1676,1996,1363,87
1983,1553,1733,82
1263,1735,1851,81
1209,1420,1859,71
1522,1307,1700,70
1181,1136,1326,58
1443,1194,1835,67
1250,2048,1475,86
1137,1605,1822,75
1217,2013,1610,86
1750,1861,1096,82
1453,1220,1326,63
1882,1296,1072,67
1848,2010,1993,96
1086,1342,1255,62
1809,1592,1742,81
1292,1891,1169,79
1091,1076,1993,62
1207,1706,1332,74
1203,2065,1156,83
1185,1756,1418,76
1084,1589,1940,76
1826,1387,1457,72
1663,1926,1733,89
1155,1636,1875,77
1292,1140,1857,64
1532,2050,1098,85
1160,1447,1731,70
1385,1292,1924,70
1484,1714,1243,76
1502,1456,1965,76
1850,1891,1770,90
1155,1838,1476,79
1142,1653,1440,73
1768,1663,1193,77
1618,1764,1374,80
1283,2090,1661,89
1561,1175,1366,63
1034,1509,1154,65
1223,1704,1498,76
1667,1601,1533,78
1392,1837,1457,81
1407,2001,1627,88
1702,1050,1112,58
1387,1685,1944,81
1695,1265,1722,70
1748,1605,1023,74
1296,2075,1282,85
1322,1584,1291,71
1815,1338,1362,70
1853,2095,1400,92
1487,1373,1567,70
1569,1579,1265,73
1038,1516,1053,64
1504,1120,1848,66
1502,1836,1619,84
1752,1569,1713,79
1536,1042,1713,62
1315,1071,1421,58
1495,1090,1848,65
1116,1490,1894,73
1341,1748,1473,78
1881,1997,1729,93
1239,1382,1242,64
1686,1804,1353,82
1993,1169,1387,67
1444,1917,1177,81
1851,1150,1474,66
1739,1430,1572,74
1996,1450,1404,75
1486,1642,1035,72
1764,1779,1357,82
1410,1022,1557,59
1891,1366,1606,74
1622,1650,1326,77
1752,1819,1043,80
1735,1238,1319,66
1297,1433,1737,71
1051,1703,1657,76
1732,1941,1471,87
2000,1540,1268,77
1303,1632,1524,75
1287,1197,1024,57
1663,1481,1772,77
1898,1868,1639,89
1117,1522,1550,70
1922,1650,1156,78
1968,1958,1875,94
1423,1436,1184,67
1790,1856,1173,83
1646,1313,1928,73
1208,1018,1983,61
1126,1817,1393,77
1292,1121,1185,57
1518,1071,1280,59
1221,2078,2000,92
1076,1459,1585,68
1337,1168,1294,60
1862,1581,1527,79
1789,1628,1187,76
1845,1025,1411,62
1849,1720,1971,87
1738,2033,1683,92
1912,1120,1185,63
1274,1125,1543,60
1862,1548,1574,79
1806,2092,1860,96
1116,1296,1300,61
1291,1685,1308,74
1270,1972,1188,81
1446,2068,1817,92
1156,1634,1410,72
1571,1381,1537,71
1183,2050,1386,84
1423,1704,1857,81
1655,1496,1550,75
1672,1851,1192,82
1600,1706,1162,76
1015,2072,1052,80
1925,1120,1474,66
1760,1625,1173,76
1097,1525,1195,66
1961,2066,1210,91
1615,1751,1789,84
1299,1095,1699,61
1746,1026,1389,61
1421,1835,1307,80
1306,1486,1456,70
1955,1239,1330,68
1273,1066,1725,60
1260,1230,1494,63
1238,1350,1328,64
1935,1760,1028,80
1773,1862,1682,88
1331,1356,1121,63
1114,2065,1457,85
1267,2029,1417,85
1011,1328,1158,60
1072,1910,1597,81
1873,1337,1813,75
1405,2092,1515,89
1816,1881,1001,82
1177,1538,1644,72
1975,1736,1301,82
1771,1442,1078,70
1945,1923,1658,91
1258,1919,1677,84
1399,1050,1314,57
1269,1148,1974,65
1831,1367,1749,75
1631,1579,1327,75
1680,1655,1275,77
1485,1075,1715,63
1579,1226,1451,65
1058,1958,1564,82
1641,1591,1485,77
1886,1023,1106,59
1265,1027,1566,58
1074,1120,1245,55
1998,1852,1934,92
1089,1623,1888,76
1504,1889,1163,81
1356,1030,1953,63
1153,1869,1526,80
1899,1049,1000,59
1217,1725,1862,80
1485,1388,1136,66
1539,1943,1150,82
1129,2014,1179,81
1065,1474,1921,72
1143,1755,1743,79
1379,1602,1486,74
1312,1925,1699,85
1406,2029,1017,82
1406,1792,1224,78
1972,1411,1104,71
1276,1661,1998,80
1614,1190,1717,67
1408,1785,1697,82
1313,1584,1064,69
1548,1958,1332,85
1248,1499,1371,69
1944,1579,1206,77
1460,1815,1228,79
1398,2086,1580,89
1667,1779,1141,79
1450,1942,1717,87
1470,1264,1685,68
1643,1006,1708,62
1558,1694,1330,77
1433,1991,1927,90
1955,1917,1818,93
1445,1747,1708,81
1706,1145,1739,67
1102,1240,1270,59
1327,1856,1948,86
1682,1286,1710,71
1600,1951,1324,85
1245,1025,1989,62
1057,1451,1526,67
1104,1105,1797,61
1691,1239,1845,71
1971,1331,1919,77
1068,1911,1727,83
1992,2065,1546,94
1301,1644,1068,71
1152,1034,1907,60
1536,1875,1211,81
1888,1383,1557,74
1034,1810,1381,76
1956,1747,1964,89
1014,1958,1759,84
1105,2056,1419,84
1729,1094,1596,65
1895,2019,1047,87
1073,1204,1230,57
1855,1833,1578,87
1930,1029,1476,63
1284,1265,1949,68
1549,1022,1088,56
1196,1608,1730,75
1279,1038,1931,62
1786,1172,1051,62
1685,1759,1533,82
1816,1413,1421,73
1555,1691,1610,80
1968,1614,1445,80
1665,1208,1960,71
1152,1021,1130,52
1290,1004,1599,58
1931,1650,1647,83
1141,1213,1373,60
1767,1919,1550,88
1311,1906,1529,83
1645,1671,1104,75
1031,1666,1386,72
1025,1799,1657,78
1910,1316,1335,70
1254,1792,1735,81
1944,1575,1116,76
1734,1090,1000,58
1055,2065,1628,86
1292,1760,1895,82
1636,1769,1537,82
1229,1000,1435,55
1052,1108,1495,57
1953,1927,1011,85
1100,2087,1293,84
1466,1205,1507,64
1845,1849,1852,90
1803,1589,1680,80
1868,1622,1564,81
1266,1964,1780,87
1794,1964,1759,92
1001,1652,1127,68
1021,1078,1075,52
1577,1414,1268,69
1211,1638,1145,70
1235,1790,1914,83
1879,2061,1402,92
1528,1332,1498,68
1387,1287,1965,70
1013,2072,1559,85
1518,1160,1198,60
1846,1319,1582,72
1221,1923,1923,86
1911,1363,1502,73
1615,1474,1603,74
1961,2022,1402,91
1402,1765,1975,84
1512,1601,1208,73
1286,1311,1341,64
1383,1588,1850,78
1246,1342,1047,61
1899,1905,1540,89
1090,1171,1175,56
1825,1625,1510,80
1311,2032,1018,81
1436,1681,1494,77
1984,1310,1354,71
1725,1913,1558,87
1042,1429,1344,65
1073,1857,1059,74
1753,1284,1687,71
1992,1494,1766,80
1560,1354,1915,73
1879,1213,1228,66
1875,1816,1146,82
1315,1199,1297,60
1733,1852,1332,84
1861,1135,1750,69
1143,1947,1331,80
1328,1627,1432,74
1208,1916,1398,81
1098,1341,1699,66
1699,1387,1835,75
1113,1003,1334,53
1174,1676,1208,72
1270,1398,1410,67
1062,1410,1586,67
1795,1212,1694,70
1403,1559,1598,75
1224,1557,1270,69
1958,1557,1179,76
1160,2071,1414,85
1035,1501,1756,71
1380,1643,1345,74
1652,1530,1518,75
1317,1952,1780,87
1707,1786,1437,82
1662,1474,1012,69
1455,1041,1403,58
1268,1603,1737,76
1343,1047,1777,61
1039,1727,1753,77
1749,1220,1379,66
1413,1939,1691,86
1379,1342,1420,66
1221,1154,1179,57
1280,1937,1637,85
1224,1840,1282,78
1456,2079,1417,88
1153,1386,1355,65
1279,1893,1701,84
1352,1037,1015,53
1038,1850,1314,76
1728,1728,1532,82
1755,1230,1015,63
1620,1451,1464,72
1974,1256,1462,70
1572,1433,1780,74
1488,1208,1544,65
1944,1136,1693,69
1936,1564,1068,75
1197,1855,1410,79
1275,1720,1051,72
1171,1844,1064,75
1783,1035,1811,66
1507,1026,1925,64
1404,1017,1918,62
1270,1629,1846,78
1934,1578,1739,82
1553,1902,1466,85
1700,1974,1733,91
1771,2053,1271,89
1663,2096,1438,91
1130,1122,1529,59
1625,1956,1729,89
1384,2000,1272,84
1733,1986,1458,89
1396,1337,1819,70
1565,1990,1172,84
1849,1272,1567,71
1295,1901,1860,86
1382,1038,1949,63
1511,1681,1520,78
1394,1425,1496,70
1553,1314,1912,72
1604,1613,1794,80
1259,1754,1804,81
1280,1156,1533,61
1355,1871,1071,78
1419,1776,1962,85
1191,1256,1933,67
1636,1854,1866,88
1427,1634,1991,81
1807,1455,1839,78
1347,1046,1171,55
1428,1009,1634,59
1391,1143,1602,63
1340,1486,1735,73
1546,2049,1291,87
1939,2030,1865,96
1401,1590,1251,72
1046,2038,1408,83
1664,1898,1990,91
1749,1206,1809,70
1424,1909,1366,82
1516,1258,1255,64
1959,1453,1524,76
1957,1798,1439,85
1636,1374,1334,69
1878,1463,1629,77
1327,1074,1434,58
1086,1241,1689,63
1514,2040,1460,88
1164,1122,1307,57
1222,1110,1672,61
1860,1233,1094,65
1296,1967,1408,83
1915,1496,1879,81
1450,2063,1825,92
1342,1726,1167,74
1935,1091,1086,61
1340,1336,1933,71
1460,1512,1002,68
1391,1602,1371,73
1900,1427,1527,75
1536,1006,1641,61
1550,1119,1022,58
1420,1386,1097,65
1380,1640,1669,77
1616,2066,1750,93
1004,1182,1521,59
1647,1696,1320,78
1003,1564,1533,70
1680,1445,1819,76
1315,1199,1366,61
1821,1947,1183,86
1917,1512,1416,77
1077,1989,1728,85
1530,1212,1213,62
1716,1545,1847,80
1354,1485,1669,73
1835,1167,1209,64
1032,1889,1919,83
1661,1930,1132,83
1704,1827,1052,80
1138,1136,1740,61
1271,1114,1694,61
1195,2072,1022,81
1126,1515,1105,66
1348,1687,1602,78
1742,2019,1630,91
1043,2049,1459,84
1741,2093,1649,94
1727,1292,1481,69
1243,1230,1119,59
1008,1937,1672,82
1761,1517,1207,73
1711,2047,1860,94
1845,1705,1317,80
1078,1376,1337,63
1756,1436,1154,70
1189,1852,1774,83
1085,1969,1867,86
1484,1498,1154,69
1270,1599,1841,77
1773,1777,1393,82
1512,1069,1504,61
1019,1204,1970,64
1488,1340,1312,66
1931,2055,1797,96
1129,2066,1258,83
1837,1117,1156,62
1769,1888,1013,82
1642,1014,1076,56
1006,1910,1338,78
1851,1626,1408,79
1752,1689,1393,80
1703,1773,1846,86
1936,1912,1219,86
1309,1119,1743,62
1808,1025,1432,62
1626,1063,1805,65
1900,1459,1454,75
1472,1313,1653,69
1101,1804,1762,80
1337,1985,1925,89
1318,1735,1807,81
1512,1888,1139,80
1024,1981,1987,87
1720,1578,1497,77
1429,1971,1653,87
1142,1860,1640,81
1708,1706,1835,84
1656,1394,1816,75
1148,1483,1529,69
1692,1665,1754,82
1054,1455,1675,69
1470,1209,1831,68
1362,1524,1095,68
1649,1675,1027,75
1208,2001,1987,89
1184,1895,1229,78
1064,2003,1415,82
1548,1306,1455,67
1111,2099,1024,81
1262,2045,1686,88
1075,1059,1403,55
1295,1385,1672,69
1177,1055,1541,57
1765,1167,1164,63
1000,1716,1207,71
1147,1864,1948,84
1875,1481,1984,81
1670,1339,1613,71
1835,1795,1372,83
1985,1891,1617,90
1779,1775,1841,87
1661,1600,1068,73
1128,1436,1519,67
1637,2082,1634,92
